Description,Gross Mass Measure Unit Code,Net Weight Measure,Item Charge Amount,Non Preferential Country Code,Preferential Country Code,Valuation Adjustment Code,Taric Additional Code,National Additional Code,Commodity Code,Freight Payment Code,CMR,Consignee Short Name,Consignor Short Name,Sequence Numeric,Statistical Value Amount,Transaction Nature Code,Description,Gross Mass Measure,Gross Mass Measure Unit Code,Net Weight Measure,Tariff Quantity,Tariff Quantity Unit Code,Item Charge Amount,Customs Valuation Method Code,Non Preferential Country Code,Preferential Country Code,Valuation Adjustment Code,Taric Additional Code,National Additional Code,Cus Code,Invoice Number,Commodity Code,Preference,Section,VVA under-calculation,VVA over-calculation,VatValue,VATRate,Customs Value,DTF.Duty.Amount,DTF.Duty.Type,DTF.Duty.Rate,DTF.Duty.Base,DTF.Duty.Relieved,DTF.VAT.Amount,DTF.VAT.Type,DTF.VAT.Rate,DTF.VAT.Base
GARMENTS,,0.109,2.9,TR,,0,,,6109100010,,,FASHION COMP WHOLESA,FASHION COMP A/S,1,5.33,,GARMENTS,0.129,,0.109,1,,2.9,1,TR,,0,,,4000,106198291,6109100010,100,XI,0.00,345.86,,,2.9,0.00,,,,0.00,0.58,,,
GARMENTS,,0.17,2.9,TR,,0,,,6109100090,,,FASHION COMP WHOLESA,FASHION COMP A/S,2,5.33,,GARMENTS,0.223,,0.17,1,,2.9,1,TR,,0,,,4000,106198291,6109100090,100,XI,0.00,270.13,,,2.9,0.00,,,,0.00,0.58,,,
GARMENTS,,1.289,24.95,TR,,0,,,6109902000,,,FASHION COMP WHOLESA,FASHION COMP A/S,3,45.89,,GARMENTS,1.504,,1.289,9,,24.95,1,TR,,0,,,4000,106198291,6109902000,100,XI,0.00,419.44,,,24.95,0.00,,,,0.00,4.99,,,
GARMENTS,,0.361,5.8,TR,,0,,,6110309900,,,FASHION COMP WHOLESA,FASHION COMP A/S,4,10.67,,GARMENTS,0.401,,0.361,2,,5.8,1,TR,,0,,,4000,106198291,6110309900,100,XI,0.00,421.84,,,5.8,0.00,,,,0.00,1.16,,,
GARMENTS,,0.404,8.7,TR,,0,,,6114300000,,,FASHION COMP WHOLESA,FASHION COMP A/S,5,16,,GARMENTS,0.49,,0.404,3,,8.7,1,TR,,0,,,4000,106198291,6114300000,100,XI,0.00,345.90,,,8.7,0.00,,,,0.00,1.74,,,
GARMENTS,,0.838,17.4,TR,,0,,,6201301099,,,FASHION COMP WHOLESA,FASHION COMP A/S,6,32,,GARMENTS,0.858,,0.838,1,,17.4,1,TR,,0,,,4000,106198293,6201301099,100,XI,0.00,516.36,,,17.4,0.00,,,,0.00,3.48,,,
GARMENTS,,0.76,23.2,TR,,0,,,6203339000,,,FASHION COMP WHOLESA,FASHION COMP A/S,7,42.67,,GARMENTS,0.8,,0.76,2,,23.2,1,TR,,0,,,4000,106198293,6203339000,100,XI,115.64,0.00,,,23.2,0.00,,,,0.00,4.64,,,
GARMENTS,,2.639,28,TR,,0,,,6203423100,,,FASHION COMP WHOLESA,FASHION COMP A/S,8,51.49,,GARMENTS,2.719,,2.639,4,,28,1,TR,,0,,,4000,106198293,6203423100,100,XI,0.00,230.37,,,28,0.00,,,,0.00,5.6,,,
GARMENTS,,0.777,23.2,TR,,0,,,6203431900,,,FASHION COMP WHOLESA,FASHION COMP A/S,9,42.67,,GARMENTS,0.886,,0.777,2,,23.2,1,TR,,0,,,4000,106198293,6203431900,100,XI,200.16,0.00,,,23.2,0.00,,,,0.00,4.64,,,
GARMENTS,,0.073,1.75,TR,,0,,,6208920000,,,FASHION COMP WHOLESA,FASHION COMP A/S,10,3.22,,GARMENTS,0.098,,0.073,1,,1.75,1,TR,,0,,,4000,106198291,6208920000,100,XI,0.00,477.46,,,1.75,0.00,,,,0.00,0.35,,,
GARMENTS,,0.32,11.6,TR,,0,,,6211339000,,,FASHION COMP WHOLESA,FASHION COMP A/S,11,21.33,,GARMENTS,0.34,,0.32,1,,11.6,1,TR,,0,,,4000,106198293,6211339000,100,XI,0.00,530.17,,,11.6,0.00,,,,0.00,2.32,,,
GARMENTS,,3.9,52.2,VN,,0,,,6201409019,,,FASHION COMP WHOLESA,FASHION COMP A/S,12,96,,GARMENTS,3.96,,3.9,3,,52.2,1,VN,,0,,,4000,106198293,6201409019,100,XI,0.00,510.61,,,52.2,0.00,,,,0.00,10.44,,,
GARMENTS,,1093.68,18322.08,BD,BD,0,,,6103420000,,,FASHION COMP WHOLESA,FASHION COMP A/S,1,18457.87,,GARMENTS,1234.8,,1093.68,3528,,18322.08,1,BD,BD,0,,,5100,106193944,6103420000,200,XI,177.81,0.00,,,18322.08,732.88,Duty,0.04,,0,3664.416,,,
GARMENTS,,740.88,9161.04,BD,BD,0,,,6109100010,,,FASHION COMP WHOLESA,FASHION COMP A/S,2,9228.94,,GARMENTS,811.44,,740.88,3528,,9161.04,1,BD,BD,0,,,5100,106193944,6109100010,200,XI,136.82,0.00,,,9161.04,458.05,Duty,0.05,,0,1832.208,,,
GARMENTS,,1596,29913.6,BD,BD,0,,,6203429000,,,FASHION COMP WHOLESA,FASHION COMP A/S,3,30135.3,,GARMENTS,1824,,1596,4560,,29913.6,1,BD,BD,0,,,5100,106193944,6203429000,200,XI,111.66,0.00,,,29913.6,598.27,Duty,0.02,,0,5982.72,,,
GARMENTS,,855.21,11771.1,PK,PK,0,,,6403999690,,,FASHION COMP WHOLESA,FASHION COMP A/S,4,11858.34,,GARMENTS,936.99,,855.21,870,,11771.1,1,PK,PK,0,,,5100,106193944,6403999690,200,XII,202.93,0.00,,,11771.1,706.27,Duty,0.06,,0,2354.22,,,
GARMENTS,,0.612,19.07,TR,TR,0,,,6107110000,,,FASHION COMP WHOLESA,FASHION COMP A/S,1,20.72,,GARMENTS,0.682,,0.612,1,,19.07,1,TR,TR,0,,,5100,106193768,6107110000,300,XI,0.00,216.04,,,19.07,0.57,Duty,0.03,,0,3.814,,,
GARMENTS,,0.276,8.2,TR,,0,,,6109100010,,,FASHION COMP WHOLESA,FASHION COMP A/S,2,8.91,,GARMENTS,0.342,,0.276,2,,8.2,1,TR,,0,,,5100,106193774,6109100010,100,XI,0.00,282.69,,,8.2,0.00,,,,0,1.64,,,
GARMENTS,,2.998,93.48,TR,TR,0,,,6109100010,,,FASHION COMP WHOLESA,FASHION COMP A/S,3,101.57,,GARMENTS,3.471,,2.998,23,,93.48,1,TR,TR,0,,,5100,106193774,6109100010,300,XI,176.52,0.00,,,93.48,2.80,Duty,0.03,,0,18.696,,,
GARMENTS,,1.605,73.8,TR,TR,0,,,6109100090,,,FASHION COMP WHOLESA,FASHION COMP A/S,4,80.19,,GARMENTS,2.1,,1.605,15,,73.8,1,TR,TR,0,,,4000,106198164,6109100090,300,XI,228.12,0.00,,,73.8,1.48,Duty,0.02,,1.48,14.76,,,
GARMENTS,,2.583,103.32,TR,,0,,,6109902000,,,FASHION COMP WHOLESA,FASHION COMP A/S,5,112.26,,GARMENTS,3.465,,2.583,21,,103.32,1,TR,,0,,,4000,106193774,6109902000,100,XI,190.87,0.00,,,103.32,0.00,,,,0.00,20.664,,,
GARMENTS,,33.672,1212.04,TR,TR,0,,,6109902000,,,FASHION COMP WHOLESA,FASHION COMP A/S,6,1316.95,,GARMENTS,41.961,,33.672,262,,1212.04,1,TR,TR,0,,,4000,106198168,6109902000,300,XI,0.00,208.00,,,1212.04,48.48,Duty,0.04,,48.48,242.408,,,
GARMENTS,,0.2,6.44,TR,,0,,,6114200000,,,FASHION COMP WHOLESA,FASHION COMP A/S,7,7,,GARMENTS,0.263,,0.2,1,,6.44,1,TR,,0,,,4000,106193772,6114200000,100,XI,0.00,255.31,,,6.44,0.00,,,,0.00,1.288,,,
GARMENTS,,3.8,122.3,TR,TR,0,,,6114200000,,,FASHION COMP WHOLESA,FASHION COMP A/S,8,132.89,,GARMENTS,4.997,,3.8,19,,122.3,1,TR,TR,0,,,4000,106193772,6114200000,300,XI,144.32,0.00,,,122.3,3.67,Duty,0.03,,3.67,24.46,,,
GARMENTS,,2.55,98.52,TR,TR,0,,,6114300000,,,FASHION COMP WHOLESA,FASHION COMP A/S,9,107.05,,GARMENTS,3.345,,2.55,15,,98.52,1,TR,TR,0,,,4000,106198169,6114300000,300,XI,0.00,273.24,,,98.52,3.94,Duty,0.04,,3.94,19.704,,,
GARMENTS,,0.767,13.66,TR,TR,0,,,6203423100,,,FASHION COMP WHOLESA,FASHION COMP A/S,10,14.84,,GARMENTS,0.847,,0.767,1,,13.66,1,TR,TR,0,,,4000,106193768,6203423100,300,XI,0.00,446.94,,,13.66,0.55,Duty,0.04,,0.55,2.732,,,
GARMENTS,,10.44,213.16,TR,TR,0,,,6206300090,,,FASHION COMP WHOLESA,FASHION COMP A/S,11,231.61,,GARMENTS,11.82,,10.44,15,,213.16,1,TR,TR,0,,,4000,106193765,6206300090,300,XI,0.00,262.60,,,213.16,8.53,Duty,0.04,,8.53,42.632,,,
GARMENTS,,1.3,8,DK,DK,0,,,4821909000,,,FASHION COMP RETAIL,FASHION COMP A/S,1,9.79,,GARMENTS,1.9,,1.3,2,,8,1,DK,DK,0,,,5100,106193879,4821909000,300,X,0.00,328.34,,,8,0.32,Duty,0.04,,0,1.6,,,
GARMENTS,,17.9,455.24,DK,DK,0,,,4911109000,,,FASHION COMP RETAIL,FASHION COMP A/S,2,556.96,,GARMENTS,28.512,,17.9,1592,,455.24,1,DK,DK,0,,,5100,106193900,4911109000,300,X,0.00,413.84,,,455.24,22.76,Duty,0.05,,0,91.048,,,
GARMENTS,,159.6,242.61,SI,SI,0,,,4819300000,,,FASHION COMP RETAIL,FASHION COMP A/S,3,296.82,,GARMENTS,176.4,,159.6,2800,,242.61,1,SI,SI,0,,,5100,106193889,4819300000,300,X,107.12,0.00,,,242.61,12.13,Duty,0.05,,0,48.522,,,
GARMENTS,,12.4,55,VN,,0,,,4202921900,,,FASHION COMP RETAIL,FASHION COMP A/S,4,67.29,,GARMENTS,14.4,,12.4,100,,55,1,VN,,0,,,5100,106193892,4202921900,100,VIII,0.00,450.39,,,55,0.00,,,,0,11,,,
GARMENTS,,11.232,472.91,CN,,0,,,6104420000,,,FASHION COMP WHOLESA,FASHION COMP A/S,1,475.36,,GARMENTS,12.312,,11.232,36,,472.91,1,CN,,0,,,5100,106193774,6104420000,100,XI,0.00,393.18,,,472.91,0.00,,,,0,94.582,,,
GARMENTS,,6.156,216.38,CN,,0,,,6104430000,,,FASHION COMP WHOLESA,FASHION COMP A/S,2,217.5,,GARMENTS,6.894,,6.156,18,,216.38,1,CN,,0,,,5100,106193774,6104430000,100,XI,182.52,0.00,,,216.38,0.00,,,,0,43.276,,,
GARMENTS,,2.196,78.72,CN,,0,,,6104530000,,,FASHION COMP WHOLESA,FASHION COMP A/S,3,79.13,,GARMENTS,2.844,,2.196,12,,78.72,1,CN,,0,,,5100,106193764,6104530000,100,XI,0.00,477.16,,,78.72,0.00,,,,0,15.744,,,
GARMENTS,,0.708,32.83,CN,,0,,,6104620000,,,FASHION COMP WHOLESA,FASHION COMP A/S,4,33,,GARMENTS,0.84,,0.708,4,,32.83,1,CN,,0,,,4000,106193774,6104620000,100,XI,0.00,461.92,,,32.83,0.00,,,,0.00,6.566,,,
GARMENTS,,1.729,124.96,CN,,0,,,6104630000,,,FASHION COMP WHOLESA,FASHION COMP A/S,5,125.61,,GARMENTS,2.644,,1.729,27,,124.96,1,CN,,0,,,4000,106193766,6104630000,100,XI,131.22,0.00,,,124.96,0.00,,,,0.00,24.992,,,
GARMENTS,,10.145,740.1,CN,,0,,,6106100000,,,FASHION COMP WHOLESA,FASHION COMP A/S,6,743.94,,GARMENTS,12.455,,10.145,105,,740.1,1,CN,,0,,,4000,106193774,6106100000,100,XI,102.44,0.00,,,740.1,0.00,,,,0.00,148.02,,,
GARMENTS,,99.707,3057.15,CN,,0,,,6107110000,,,FASHION COMP WHOLESA,FASHION COMP A/S,7,3073,,GARMENTS,112.99,,99.707,405,,3057.15,1,CN,,0,,,4000,106193768,6107110000,100,XI,256.20,0.00,,,3057.15,0.00,,,,0.00,611.43,,,
GARMENTS,,15.015,361.25,CN,,0,,,6109100010,,,FASHION COMP WHOLESA,FASHION COMP A/S,8,363.12,,GARMENTS,16.335,,15.015,55,,361.25,1,CN,,0,,,4000,106193774,6109100010,100,XI,209.69,0.00,,,361.25,0.00,,,,0.00,72.25,,,
GARMENTS,,1.406,60.6,CN,,0,,,6109902000,,,FASHION COMP WHOLESA,FASHION COMP A/S,9,60.91,,GARMENTS,1.59,,1.406,15,,60.6,1,CN,,0,,,4000,106193774,6109902000,100,XI,103.74,0.00,,,60.6,0.00,,,,0.00,12.12,,,
GARMENTS,,1.608,157.44,CN,,0,,,6114300000,,,FASHION COMP WHOLESA,FASHION COMP A/S,10,158.26,,GARMENTS,2.112,,1.608,24,,157.44,1,CN,,0,,,4000,106193766,6114300000,100,XI,125.62,0.00,,,157.44,0.00,,,,0.00,31.488,,,
GARMENTS,,34.848,601.67,CN,,0,,,6115950000,,,FASHION COMP WHOLESA,FASHION COMP A/S,11,604.79,,GARMENTS,38.703,,34.848,665,,601.67,1,CN,,0,,,4000,106193774,6115950000,100,XI,0.00,256.85,,,601.67,0.00,,,,0.00,120.334,,,
GARMENTS,,0.165,4.1,CN,,0,,,6115990000,,,FASHION COMP WHOLESA,FASHION COMP A/S,12,4.12,,GARMENTS,0.185,,0.165,1,,4.1,1,CN,,0,,,4000,106193768,6115990000,100,XI,0.00,263.35,,,4.1,0.00,,,,0.00,0.82,,,
GARMENTS,,1.125,41.08,CN,,0,,,6201401090,,,FASHION COMP WHOLESA,FASHION COMP A/S,13,41.29,,GARMENTS,1.46,,1.125,5,,41.08,1,CN,,0,,,4000,106193768,6201401090,100,XI,0.00,230.58,,,41.08,0.00,,,,0.00,8.216,,,
GARMENTS,,0.434,13.2,CN,,0,,,6203431900,,,FASHION COMP WHOLESA,FASHION COMP A/S,14,13.27,,GARMENTS,0.474,,0.434,1,,13.2,1,CN,,0,,,4000,106193768,6203431900,100,XI,237.74,0.00,,,13.2,0.00,,,,0.00,2.64,,,
GARMENTS,,0.973,21.31,CN,,0,,,6204339000,,,FASHION COMP WHOLESA,FASHION COMP A/S,15,21.42,,GARMENTS,1.093,,0.973,2,,21.31,1,CN,,0,,,4000,106193774,6204339000,100,XI,0.00,401.91,,,21.31,0.00,,,,0.00,4.262,,,
GARMENTS,,3.405,139.61,CN,,0,,,6204420090,,,FASHION COMP WHOLESA,FASHION COMP A/S,16,140.33,,GARMENTS,4.2,,3.405,15,,139.61,1,CN,,0,,,4000,106198164,6204420090,100,XI,0.00,389.82,,,139.61,0.00,,,,0.00,27.922,,,
GARMENTS,,2.344,131.2,CN,,0,,,6204520090,,,FASHION COMP WHOLESA,FASHION COMP A/S,17,131.88,,GARMENTS,3.144,,2.344,8,,131.2,1,CN,,0,,,4000,106193763,6204520090,100,XI,0.00,386.26,,,131.2,0.00,,,,0.00,26.24,,,
GARMENTS,,8.55,196.8,CN,,0,,,6204623190,,,FASHION COMP WHOLESA,FASHION COMP A/S,18,197.82,,GARMENTS,9.555,,8.55,15,,196.8,1,CN,,0,,,4000,106193770,6204623190,100,XI,253.18,0.00,,,196.8,0.00,,,,0.00,39.36,,,
GARMENTS,,11.085,348.68,CN,,0,,,6204631890,,,FASHION COMP WHOLESA,FASHION COMP A/S,19,350.49,,GARMENTS,12.879,,11.085,27,,348.68,1,CN,,0,,,4000,106193764,6204631890,100,XI,226.73,0.00,,,348.68,0.00,,,,0.00,69.736,,,
GARMENTS,,0.693,61.34,CN,,0,,,6204695090,,,FASHION COMP WHOLESA,FASHION COMP A/S,20,61.66,,GARMENTS,1.067,,0.693,11,,61.34,1,CN,,0,,,4000,106193766,6204695090,100,XI,181.86,0.00,,,61.34,0.00,,,,0.00,12.268,,,
GARMENTS,,0.323,13.24,CN,,0,,,6205200090,,,FASHION COMP WHOLESA,FASHION COMP A/S,21,13.31,,GARMENTS,0.365,,0.323,1,,13.24,1,CN,,0,,,4000,106193768,6205200090,100,XI,0.00,519.93,,,13.24,0.00,,,,0.00,2.648,,,
GARMENTS,,16.473,958.07,CN,,0,,,6206300090,,,FASHION COMP WHOLESA,FASHION COMP A/S,22,963.04,,GARMENTS,19.959,,16.473,126,,958.07,1,CN,,0,,,4000,106193770,6206300090,100,XI,212.73,0.00,,,958.07,0.00,,,,0.00,191.614,,,
GARMENTS,,3.648,298.54,CN,,0,,,6206400000,,,FASHION COMP WHOLESA,FASHION COMP A/S,23,300.09,,GARMENTS,4.452,,3.648,24,,298.54,1,CN,,0,,,4000,106193774,6206400000,100,XI,181.08,0.00,,,298.54,0.00,,,,0.00,59.708,,,
GARMENTS,,1.755,127.92,CN,,0,,,6209200090,,,FASHION COMP WHOLESA,FASHION COMP A/S,24,128.58,,GARMENTS,2.25,,1.755,15,,127.92,1,CN,,0,,,4000,106193766,6209200090,100,XI,188.51,0.00,,,127.92,0.00,,,,0.00,25.584,,,
GARMENTS,,0.252,22.3,CN,,0,,,6209909090,,,FASHION COMP WHOLESA,FASHION COMP A/S,25,22.42,,GARMENTS,0.388,,0.252,4,,22.3,1,CN,,0,,,4000,106193766,6209909090,100,XI,0.00,349.02,,,22.3,0.00,,,,0.00,4.46,,,
GARMENTS,,0.071,4.24,CN,,0,,,6215200090,,,FASHION COMP WHOLESA,FASHION COMP A/S,26,4.26,,GARMENTS,0.086,,0.071,1,,4.24,1,CN,,0,,,4000,106193768,6215200090,100,XI,122.83,0.00,,,4.24,0.00,,,,0.00,0.848,,,
GARMENTS,,6.147,115.94,CN,,0,,,6402999600,,,FASHION COMP WHOLESA,FASHION COMP A/S,27,116.54,,GARMENTS,7.65,,6.147,9,,115.94,1,CN,,0,,,4000,106193768,6402999600,100,XII,171.12,0.00,,,115.94,0.00,,,,0.00,23.188,,,
GARMENTS,,3.276,52.45,CN,,0,,,6402999800,,,FASHION COMP WHOLESA,FASHION COMP A/S,28,52.72,,GARMENTS,3.876,,3.276,12,,52.45,1,CN,,0,,,4000,106193765,6402999800,100,XII,253.49,0.00,,,52.45,0.00,,,,0.00,10.49,,,
GARMENTS,,0.427,14.88,CN,,0,,,6505003000,,,FASHION COMP WHOLESA,FASHION COMP A/S,29,14.96,,GARMENTS,0.499,,0.427,4,,14.88,1,CN,,0,,,4000,106193768,6505003000,100,XII,175.54,0.00,,,14.88,0.00,,,,0.00,2.976,,,
GARMENTS,,0.384,100.76,CN,,0,,,7117190090,,,FASHION COMP WHOLESA,FASHION COMP A/S,30,101.28,,GARMENTS,0.64,,0.384,128,,100.76,1,CN,,0,,,4000,106193766,7117190090,100,XIV,0.00,395.48,,,100.76,0.00,,,,0.00,20.152,,,
GARMENTS,,0.76,45.92,CN,,0,,,7117900000,,,FASHION COMP WHOLESA,FASHION COMP A/S,31,46.16,,GARMENTS,0.96,,0.76,40,,45.92,1,CN,,0,,,4000,106193766,7117900000,100,XIV,0.00,417.48,,,45.92,0.00,,,,0.00,9.184,,,
GARMENTS,,18.648,2012.97,CN,,0,,,9004109100,,,FASHION COMP WHOLESA,FASHION COMP A/S,32,2023.41,,GARMENTS,24.912,,18.648,468,,2012.97,1,CN,,0,,,4000,106193768,9004109100,100,XVIII,0.00,337.79,,,2012.97,0.00,,,,0.00,402.594,,,
GARMENTS,,1.536,69.8,CN,,0,,,9615190000,,,FASHION COMP WHOLESA,FASHION COMP A/S,33,70.16,,GARMENTS,2.24,,1.536,64,,69.8,1,CN,,0,,,4000,106193765,9615190000,100,XX,122.16,0.00,,,69.8,0.00,,,,0.00,13.96,,,
GARMENTS,,1.757,98.54,IN,,0,,,4202210090,,,FASHION COMP WHOLESA,FASHION COMP A/S,34,99.05,,GARMENTS,1.951,,1.757,7,,98.54,1,IN,,0,,,4000,106193774,4202210090,100,VIII,0.00,532.34,,,98.54,0.00,,,,0.00,19.708,,,
GARMENTS,,12.784,358.54,IN,IN,0,,,6109100010,,,FASHION COMP WHOLESA,FASHION COMP A/S,35,360.4,,GARMENTS,15.572,,12.784,68,,358.54,1,IN,IN,0,,,4000,106193772,6109100010,200,XI,102.29,0.00,,,358.54,21.51,Duty,0.06,,21.51,71.708,,,
GARMENTS,,20.82,853.43,IN,IN,0,,,6204420090,,,FASHION COMP WHOLESA,FASHION COMP A/S,36,857.85,,GARMENTS,24.996,,20.82,72,,853.43,1,IN,IN,0,,,4000,106193772,6204420090,200,XI,0.00,391.07,,,853.43,17.07,Duty,0.02,,17.07,170.686,,,
GARMENTS,,10.8,422.14,IN,IN,0,,,6204430000,,,FASHION COMP WHOLESA,FASHION COMP A/S,37,424.33,,GARMENTS,13.185,,10.8,45,,422.14,1,IN,IN,0,,,4000,106193765,6204430000,200,XI,0.00,214.77,,,422.14,25.33,Duty,0.06,,25.33,84.428,,,
GARMENTS,,7.785,466.35,IN,IN,0,,,6204629090,,,FASHION COMP WHOLESA,FASHION COMP A/S,38,468.77,,GARMENTS,9.385,,7.785,53,,466.35,1,IN,IN,0,,,4000,106193766,6204629090,200,XI,250.21,0.00,,,466.35,13.99,Duty,0.03,,13.99,93.27,,,
GARMENTS,,67.146,1686.07,IN,IN,0,,,6205200090,,,FASHION COMP WHOLESA,FASHION COMP A/S,39,1694.81,,GARMENTS,73.846,,67.146,164,,1686.07,1,IN,IN,0,,,4000,106198166,6205200090,200,XI,120.28,0.00,,,1686.07,101.16,Duty,0.06,,101.16,337.214,,,
GARMENTS,,0.329,12.14,IN,IN,0,,,6205901090,,,FASHION COMP WHOLESA,FASHION COMP A/S,40,12.2,,GARMENTS,0.396,,0.329,1,,12.14,1,IN,IN,0,,,5100,106193768,6205901090,200,XI,220.58,0.00,,,12.14,0.36,Duty,0.03,,0,2.428,,,
GARMENTS,,6.914,225.21,BD,BD,0,,,6103420000,,,FASHION COMP WHOLESA,FASHION COMP A/S,41,226.38,,GARMENTS,8.78,,6.914,34,,225.21,1,BD,BD,0,,,5100,106193766,6103420000,200,XI,159.60,0.00,,,225.21,9.01,Duty,0.04,,0,45.042,,,
GARMENTS,,1.118,15.88,BD,BD,0,,,6103430000,,,FASHION COMP WHOLESA,FASHION COMP A/S,42,15.96,,GARMENTS,1.246,,1.118,3,,15.88,1,BD,BD,0,,,5100,106193768,6103430000,200,XI,210.24,0.00,,,15.88,0.95,Duty,0.06,,0,3.176,,,
GARMENTS,,3.792,102.34,BD,BD,0,,,6104420000,,,FASHION COMP WHOLESA,FASHION COMP A/S,43,102.87,,GARMENTS,4.608,,3.792,24,,102.34,1,BD,BD,0,,,5100,106193766,6104420000,200,XI,0.00,202.47,,,102.34,3.07,Duty,0.03,,0,20.468,,,
GARMENTS,,4.71,131.36,BD,BD,0,,,6104440000,,,FASHION COMP WHOLESA,FASHION COMP A/S,44,132.04,,GARMENTS,5.535,,4.71,15,,131.36,1,BD,BD,0,,,5100,106193765,6104440000,200,XI,0.00,342.05,,,131.36,2.63,Duty,0.02,,0,26.272,,,
GARMENTS,,26.976,688.8,BD,BD,0,,,6104520000,,,FASHION COMP WHOLESA,FASHION COMP A/S,45,692.37,,GARMENTS,31.008,,26.976,96,,688.8,1,BD,BD,0,,,5100,106193765,6104520000,200,XI,0.00,353.67,,,688.8,34.44,Duty,0.05,,0,137.76,,,
GARMENTS,,185.707,5135.22,BD,BD,0,,,6105100000,,,FASHION COMP WHOLESA,FASHION COMP A/S,46,5161.84,,GARMENTS,205.027,,185.707,510,,5135.22,1,BD,BD,0,,,4000,106198167,6105100000,200,XI,195.98,0.00,,,5135.22,205.41,Duty,0.04,,205.41,1027.044,,,
GARMENTS,,74.762,2491.6,BD,BD,0,,,6105201000,,,FASHION COMP WHOLESA,FASHION COMP A/S,47,2504.52,,GARMENTS,88.26,,74.762,322,,2491.6,1,BD,BD,0,,,4000,106193773,6105201000,200,XI,192.85,0.00,,,2491.6,99.66,Duty,0.04,,99.66,498.32,,,
GARMENTS,,2.994,54.94,BD,,0,,,6109100010,,,FASHION COMP WHOLESA,FASHION COMP A/S,48,55.22,,GARMENTS,3.338,,2.994,14,,54.94,1,BD,,0,,,4000,106193761,6109100010,100,XI,0.00,362.78,,,54.94,0.00,,,,0.00,10.988,,,
GARMENTS,,858.41,17444.78,BD,BD,0,,,6109100010,,,FASHION COMP WHOLESA,FASHION COMP A/S,49,17535.23,,GARMENTS,980.139,,858.41,4132,,17444.78,1,BD,BD,0,,,4000,106198167,6109100010,200,XI,0.00,350.31,,,17444.78,523.34,Duty,0.03,,523.34,3488.956,,,
GARMENTS,,0.282,5.73,BD,,0,,,6109100090,,,FASHION COMP WHOLESA,FASHION COMP A/S,50,5.76,,GARMENTS,0.312,,0.282,3,,5.73,1,BD,,0,,,4000,106193774,6109100090,100,XI,0.00,488.35,,,5.73,0.00,,,,0.00,1.146,,,
GARMENTS,,33.851,942.59,BD,BD,0,,,6109100090,,,FASHION COMP WHOLESA,FASHION COMP A/S,51,947.48,,GARMENTS,37.774,,33.851,252,,942.59,1,BD,BD,0,,,5100,106193771,6109100090,200,XI,0.00,435.24,,,942.59,56.56,Duty,0.06,,0,188.518,,,
GARMENTS,,5.832,183.82,BD,BD,0,,,6109902000,,,FASHION COMP WHOLESA,FASHION COMP A/S,52,184.77,,GARMENTS,7.596,,5.832,24,,183.82,1,BD,BD,0,,,5100,106193773,6109902000,200,XI,0.00,438.41,,,183.82,7.35,Duty,0.04,,0,36.764,,,
GARMENTS,,2.056,128.84,BD,BD,0,,,6110119000,,,FASHION COMP WHOLESA,FASHION COMP A/S,53,129.51,,GARMENTS,2.48,,2.056,8,,128.84,1,BD,BD,0,,,5100,106193773,6110119000,200,XI,0.00,419.49,,,128.84,7.73,Duty,0.06,,0,25.768,,,
GARMENTS,,1.848,186.17,BD,BD,0,,,6110199090,,,FASHION COMP WHOLESA,FASHION COMP A/S,54,187.14,,GARMENTS,2.352,,1.848,8,,186.17,1,BD,BD,0,,,5100,106198166,6110199090,200,XI,205.73,0.00,,,186.17,7.45,Duty,0.04,,0,37.234,,,
GARMENTS,,4.512,184.6,BD,BD,0,,,6110201000,,,FASHION COMP WHOLESA,FASHION COMP A/S,55,185.56,,GARMENTS,5.496,,4.512,24,,184.6,1,BD,BD,0,,,5100,106193765,6110201000,200,XI,0.00,268.22,,,184.6,11.08,Duty,0.06,,0,36.92,,,
GARMENTS,,47.828,928.28,BD,BD,0,,,6110209100,,,FASHION COMP WHOLESA,FASHION COMP A/S,56,933.09,,GARMENTS,53.888,,47.828,127,,928.28,1,BD,BD,0,,,4000,106193769,6110209100,200,XI,124.52,0.00,,,928.28,55.70,Duty,0.06,,55.70,185.656,,,
GARMENTS,,35.192,899.7,BD,BD,0,,,6110209900,,,FASHION COMP WHOLESA,FASHION COMP A/S,57,904.36,,GARMENTS,40.76,,35.192,136,,899.7,1,BD,BD,0,,,4000,106193765,6110209900,200,XI,100.48,0.00,,,899.7,44.99,Duty,0.05,,44.99,179.94,,,
GARMENTS,,33.172,557.4,BD,BD,0,,,6110309100,,,FASHION COMP WHOLESA,FASHION COMP A/S,58,560.29,,GARMENTS,36.257,,33.172,54,,557.4,1,BD,BD,0,,,4000,106193768,6110309100,200,XI,194.82,0.00,,,557.4,16.72,Duty,0.03,,16.72,111.48,,,
GARMENTS,,102.681,2867.15,BD,BD,0,,,6110309900,,,FASHION COMP WHOLESA,FASHION COMP A/S,59,2882.02,,GARMENTS,123.039,,102.681,334,,2867.15,1,BD,BD,0,,,4000,106193772,6110309900,200,XI,174.45,0.00,,,2867.15,143.36,Duty,0.05,,143.36,573.43,,,
GARMENTS,,19.896,1204.42,BD,BD,0,,,6111209000,,,FASHION COMP WHOLESA,FASHION COMP A/S,60,1210.66,,GARMENTS,26.628,,19.896,204,,1204.42,1,BD,BD,0,,,4000,106193767,6111209000,200,XI,0.00,219.90,,,1204.42,36.13,Duty,0.03,,36.13,240.884,,,
GARMENTS,,6.36,146.22,BD,BD,0,,,6114200000,,,FASHION COMP WHOLESA,FASHION COMP A/S,61,146.98,,GARMENTS,7.368,,6.36,24,,146.22,1,BD,BD,0,,,5100,106193765,6114200000,200,XI,169.08,0.00,,,146.22,2.92,Duty,0.02,,0,29.244,,,
GARMENTS,,0.76,14.65,BD,,0,,,6201301099,,,FASHION COMP WHOLESA,FASHION COMP A/S,62,14.73,,GARMENTS,0.83,,0.76,1,,14.65,1,BD,,0,,,5100,106193768,6201301099,100,XI,166.83,0.00,,,14.65,0.00,,,,0,2.93,,,
GARMENTS,,0.94,15.83,BD,BD,0,,,6201309099,,,FASHION COMP WHOLESA,FASHION COMP A/S,63,15.91,,GARMENTS,1.025,,0.94,1,,15.83,1,BD,BD,0,,,5100,106193768,6201309099,200,XI,245.18,0.00,,,15.83,0.47,Duty,0.03,,0,3.166,,,
GARMENTS,,5.62,209.97,BD,BD,0,,,6203120000,,,FASHION COMP WHOLESA,FASHION COMP A/S,64,211.06,,GARMENTS,6.34,,5.62,5,,209.97,1,BD,BD,0,,,5100,106193768,6203120000,200,XI,131.44,0.00,,,209.97,4.20,Duty,0.02,,0,41.994,,,
GARMENTS,,45.235,684.55,BD,BD,0,,,6203423100,,,FASHION COMP WHOLESA,FASHION COMP A/S,65,688.1,,GARMENTS,49.508,,45.235,75,,684.55,1,BD,BD,0,,,5100,106193768,6203423100,200,XI,152.71,0.00,,,684.55,27.38,Duty,0.04,,0,136.91,,,
GARMENTS,,28.341,566.98,BD,BD,0,,,6203423500,,,FASHION COMP WHOLESA,FASHION COMP A/S,66,569.92,,GARMENTS,31.427,,28.341,46,,566.98,1,BD,BD,0,,,4000,106193768,6203423500,200,XI,247.71,0.00,,,566.98,17.01,Duty,0.03,,17.01,113.396,,,
GARMENTS,,14.417,338.55,BD,BD,0,,,6203429000,,,FASHION COMP WHOLESA,FASHION COMP A/S,67,340.31,,GARMENTS,15.725,,14.417,32,,338.55,1,BD,BD,0,,,4000,106193768,6203429000,200,XI,0.00,341.42,,,338.55,10.16,Duty,0.03,,10.16,67.71,,,
GARMENTS,,3.315,71.8,BD,BD,0,,,6203431900,,,FASHION COMP WHOLESA,FASHION COMP A/S,68,72.17,,GARMENTS,3.766,,3.315,8,,71.8,1,BD,BD,0,,,4000,106193768,6203431900,200,XI,0.00,297.95,,,71.8,3.59,Duty,0.05,,3.59,14.36,,,
GARMENTS,,8.1,180.32,BD,BD,0,,,6204420090,,,FASHION COMP WHOLESA,FASHION COMP A/S,69,181.25,,GARMENTS,8.4,,8.1,15,,180.32,1,BD,BD,0,,,4000,106198164,6204420090,200,XI,0.00,329.07,,,180.32,3.61,Duty,0.02,,3.61,36.064,,,
GARMENTS,,2.255,39.02,BD,BD,0,,,6204623190,,,FASHION COMP WHOLESA,FASHION COMP A/S,70,39.22,,GARMENTS,2.493,,2.255,4,,39.02,1,BD,BD,0,,,4000,106193768,6204623190,200,XI,0.00,310.75,,,39.02,1.95,Duty,0.05,,1.95,7.804,,,
GARMENTS,,0.395,8.2,BD,BD,0,,,6204691890,,,FASHION COMP WHOLESA,FASHION COMP A/S,71,8.24,,GARMENTS,0.445,,0.395,1,,8.2,1,BD,BD,0,,,5100,106193774,6204691890,200,XI,215.83,0.00,,,8.2,0.41,Duty,0.05,,0,1.64,,,
GARMENTS,,2.505,98.4,BD,BD,0,,,6204695090,,,FASHION COMP WHOLESA,FASHION COMP A/S,72,98.91,,GARMENTS,3.315,,2.505,15,,98.4,1,BD,BD,0,,,5100,106198164,6204695090,200,XI,113.13,0.00,,,98.4,3.94,Duty,0.04,,0,19.68,,,
GARMENTS,,60.992,2228.72,BD,BD,0,,,6205200090,,,FASHION COMP WHOLESA,FASHION COMP A/S,73,2240.28,,GARMENTS,71.815,,60.992,221,,2228.72,1,BD,BD,0,,,5100,106193773,6205200090,200,XI,0.00,306.02,,,2228.72,44.57,Duty,0.02,,0,445.744,,,
GARMENTS,,32.984,1710.98,BD,BD,0,,,6206300090,,,FASHION COMP WHOLESA,FASHION COMP A/S,74,1719.85,,GARMENTS,40.756,,32.984,116,,1710.98,1,BD,BD,0,,,5100,106193772,6206300090,200,XI,0.00,538.33,,,1710.98,68.44,Duty,0.04,,0,342.196,,,
GARMENTS,,8.266,300.44,BD,BD,0,,,6211110000,,,FASHION COMP WHOLESA,FASHION COMP A/S,75,302,,GARMENTS,9.416,,8.266,46,,300.44,1,BD,BD,0,,,5100,106193768,6211110000,200,XI,163.38,0.00,,,300.44,6.01,Duty,0.02,,0,60.088,,,
GARMENTS,,8.976,182.04,BD,BD,0,,,6211329000,,,FASHION COMP WHOLESA,FASHION COMP A/S,76,182.98,,GARMENTS,10.992,,8.976,24,,182.04,1,BD,BD,0,,,4000,106198167,6211329000,200,XI,0.00,487.33,,,182.04,9.10,Duty,0.05,,9.10,36.408,,,
GARMENTS,,6.4,262.4,BD,BD,0,,,6211339000,,,FASHION COMP WHOLESA,FASHION COMP A/S,77,263.76,,GARMENTS,8,,6.4,32,,262.4,1,BD,BD,0,,,4000,106193768,6211339000,200,XI,183.83,0.00,,,262.4,5.25,Duty,0.02,,5.25,52.48,,,
GARMENTS,,4.8,170.82,CN,,0,,,4202229090,,,FASHION COMP WHOLESA,FASHION COMP A/S,78,171.71,,GARMENTS,6.408,,4.8,24,,170.82,1,CN,,0,,,4000,106193774,4202229090,100,VIII,196.85,0.00,,,170.82,0.00,,,,0.00,34.164,,,
GARMENTS,,0.242,12.04,CN,,0,,,4203300090,,,FASHION COMP WHOLESA,FASHION COMP A/S,79,12.1,,GARMENTS,0.272,,0.242,2,,12.04,1,CN,,0,,,4000,106193774,4203300090,100,VIII,0.00,223.80,,,12.04,0.00,,,,0.00,2.408,,,
GARMENTS,,6.048,146.03,CN,,0,,,4602900000,,,FASHION COMP WHOLESA,FASHION COMP A/S,80,146.79,,GARMENTS,7.056,,6.048,12,,146.03,1,CN,,0,,,4000,106193774,4602900000,100,IX,0.00,474.98,,,146.03,0.00,,,,0.00,29.206,,,
GARMENTS,,5.565,318.2,IN,IN,0,,,6206300090,,,FASHION COMP WHOLESA,FASHION COMP A/S,81,319.85,,GARMENTS,7.2,,5.565,45,,318.2,1,IN,IN,0,,,5100,106193766,6206300090,200,XI,127.98,0.00,,,318.2,6.36,Duty,0.02,,0,63.64,,,
GARMENTS,,2.94,83.64,KH,KH,0,,,6203429000,,,FASHION COMP WHOLESA,FASHION COMP A/S,82,84.07,,GARMENTS,3.57,,2.94,15,,83.64,1,KH,KH,0,,,5100,106193766,6203429000,200,XI,0.00,269.03,,,83.64,1.67,Duty,0.02,,0,16.728,,,
GARMENTS,,0.365,9.84,KH,KH,0,,,6204691890,,,FASHION COMP WHOLESA,FASHION COMP A/S,83,9.89,,GARMENTS,0.405,,0.365,1,,9.84,1,KH,KH,0,,,5100,106193774,6204691890,200,XI,0.00,259.85,,,9.84,0.49,Duty,0.05,,0,1.968,,,
GARMENTS,,3.74,109.98,MA,,0,,,4203300090,,,FASHION COMP WHOLESA,FASHION COMP A/S,84,110.55,,GARMENTS,4.316,,3.74,28,,109.98,1,MA,,0,,,5100,106193768,4203300090,100,VIII,153.20,0.00,,,109.98,0.00,,,,0,21.996,,,
GARMENTS,,14.82,364.41,MM,MM,0,,,6113009000,,,FASHION COMP WHOLESA,FASHION COMP A/S,85,366.3,,GARMENTS,16.32,,14.82,20,,364.41,1,MM,MM,0,,,5100,106193768,6113009000,200,XI,158.22,0.00,,,364.41,18.22,Duty,0.05,,0,72.882,,,
GARMENTS,,2.752,72.88,MM,MM,0,,,6201401019,,,FASHION COMP WHOLESA,FASHION COMP A/S,86,73.26,,GARMENTS,3.084,,2.752,4,,72.88,1,MM,MM,0,,,4000,106193768,6201401019,200,XI,102.70,0.00,,,72.88,3.64,Duty,0.05,,3.64,14.576,,,
GARMENTS,,1.757,49.64,MM,MM,0,,,6201401090,,,FASHION COMP WHOLESA,FASHION COMP A/S,87,49.9,,GARMENTS,1.99,,1.757,3,,49.64,1,MM,MM,0,,,4000,106193768,6201401090,200,XI,0.00,482.22,,,49.64,1.99,Duty,0.04,,1.99,9.928,,,
GARMENTS,,7.568,173.83,PK,PK,0,,,6109100010,,,FASHION COMP WHOLESA,FASHION COMP A/S,88,174.73,,GARMENTS,8.252,,7.568,35,,173.83,1,PK,PK,0,,,4000,106193768,6109100010,200,XI,0.00,344.48,,,173.83,5.21,Duty,0.03,,5.21,34.766,,,
GARMENTS,,1.29,18.55,PK,PK,0,,,6110209100,,,FASHION COMP WHOLESA,FASHION COMP A/S,89,18.65,,GARMENTS,1.49,,1.29,2,,18.55,1,PK,PK,0,,,4000,106193768,6110209100,200,XI,0.00,398.28,,,18.55,0.93,Duty,0.05,,0.93,3.71,,,
GARMENTS,,197.078,3724.76,PK,PK,0,,,6203423100,,,FASHION COMP WHOLESA,FASHION COMP A/S,90,3744.07,,GARMENTS,220.861,,197.078,343,,3724.76,1,PK,PK,0,,,4000,106198165,6203423100,200,XI,192.06,0.00,,,3724.76,74.50,Duty,0.02,,74.50,744.952,,,
GARMENTS,,21.374,519.91,PK,PK,0,,,6203423500,,,FASHION COMP WHOLESA,FASHION COMP A/S,91,522.61,,GARMENTS,23.418,,21.374,49,,519.91,1,PK,PK,0,,,5100,106193768,6203423500,200,XI,0.00,327.51,,,519.91,31.19,Duty,0.06,,0,103.982,,,
GARMENTS,,43.814,980.67,PK,PK,0,,,6203429000,,,FASHION COMP WHOLESA,FASHION COMP A/S,92,985.75,,GARMENTS,49.834,,43.814,130,,980.67,1,PK,PK,0,,,5100,106193761,6203429000,200,XI,105.10,0.00,,,980.67,49.03,Duty,0.05,,0,196.134,,,
GARMENTS,,4.125,98.4,PK,PK,0,,,6204629090,,,FASHION COMP WHOLESA,FASHION COMP A/S,93,98.91,,GARMENTS,5.325,,4.125,15,,98.4,1,PK,PK,0,,,5100,106193766,6204629090,200,XI,166.29,0.00,,,98.4,1.97,Duty,0.02,,0,19.68,,,
GARMENTS,,3.375,131.12,PK,PK,0,,,6211429000,,,FASHION COMP WHOLESA,FASHION COMP A/S,94,131.8,,GARMENTS,4.38,,3.375,15,,131.12,1,PK,PK,0,,,5100,106193774,6211429000,200,XI,181.50,0.00,,,131.12,2.62,Duty,0.02,,0,26.224,,,
GARMENTS,,0.183,6.56,TR,TR,0,,,6104420000,,,FASHION COMP WHOLESA,FASHION COMP A/S,95,6.59,,GARMENTS,0.203,,0.183,1,,6.56,1,TR,TR,0,,,5100,106193774,6104420000,300,XI,0.00,468.88,,,6.56,0.20,Duty,0.03,,0,1.312,,,
GARMENTS,,2.25,131.12,TR,TR,0,,,6104530000,,,FASHION COMP WHOLESA,FASHION COMP A/S,96,131.8,,GARMENTS,3.045,,2.25,15,,131.12,1,TR,TR,0,,,4000,106198164,6104530000,300,XI,173.47,0.00,,,131.12,2.62,Duty,0.02,,2.62,26.224,,,
GARMENTS,,1.33,51.88,TR,TR,0,,,6104630000,,,FASHION COMP WHOLESA,FASHION COMP A/S,97,52.15,,GARMENTS,1.52,,1.33,19,,51.88,1,TR,TR,0,,,4000,106193774,6104630000,300,XI,186.88,0.00,,,51.88,1.04,Duty,0.02,,1.04,10.376,,,
GARMENTS,,3.344,141.2,TR,TR,0,,,6106100000,,,FASHION COMP WHOLESA,FASHION COMP A/S,98,141.93,,GARMENTS,4.16,,3.344,33,,141.2,1,TR,TR,0,,,4000,106193774,6106100000,300,XI,0.00,310.97,,,141.2,5.65,Duty,0.04,,5.65,28.24,,,
GARMENTS,,1,11.48,DK,DK,0,,,4821909000,,,FASHION COMP RETAIL,FASHION COMP A/S,1,181.48,,GARMENTS,1,,1,4,,11.48,1,DK,DK,0,,,4000,106198294,4821909000,300,X,108.80,0.00,,,11.48,0.46,Duty,0.04,,0.46,2.296,,,
GARMENTS,,0.624,17.4,BD,,0,,,6102309000,,,FASHION COMP WHOLESA,FASHION COMP A/S,1,18.21,,GARMENTS,0.644,,0.624,1,,17.4,1,BD,,0,,,4000,106198291,6102309000,100,XI,0.00,309.07,,,17.4,0.00,,,,0.00,3.48,,,
GARMENTS,,1.044,12,BD,,0,,,6103420000,,,FASHION COMP WHOLESA,FASHION COMP A/S,2,12.56,,GARMENTS,1.104,,1.044,3,,12,1,BD,,0,,,5100,106198293,6103420000,100,XI,153.44,0.00,,,12,0.00,,,,0,2.4,,,
GARMENTS,,0.534,8,BD,,0,,,6103490091,,,FASHION COMP WHOLESA,FASHION COMP A/S,3,8.37,,GARMENTS,0.666,,0.534,2,,8,1,BD,,0,,,5100,106198293,6103490091,100,XI,0.00,417.24,,,8,0.00,,,,0,1.6,,,
GARMENTS,,0.971,34.8,BD,,0,,,6104330000,,,FASHION COMP WHOLESA,FASHION COMP A/S,4,36.43,,GARMENTS,1.061,,0.971,3,,34.8,1,BD,,0,,,5100,106198291,6104330000,100,XI,0.00,370.80,,,34.8,0.00,,,,0,6.96,,,
GARMENTS,,0.374,11.6,BD,,0,,,6104420000,,,FASHION COMP WHOLESA,FASHION COMP A/S,5,12.14,,GARMENTS,0.45,,0.374,2,,11.6,1,BD,,0,,,5100,106198291,6104420000,100,XI,0.00,335.09,,,11.6,0.00,,,,0,2.32,,,
GARMENTS,,1.931,29,BD,,0,,,6104430000,,,FASHION COMP WHOLESA,FASHION COMP A/S,6,30.36,,GARMENTS,2.091,,1.931,5,,29,1,BD,,0,,,5100,106198291,6104430000,100,XI,108.03,0.00,,,29,0.00,,,,0,5.8,,,
GARMENTS,,3.24,57.6,BD,,0,,,6104630000,,,FASHION COMP WHOLESA,FASHION COMP A/S,7,60.29,,GARMENTS,3.63,,3.24,9,,57.6,1,BD,,0,,,5100,106198291,6104630000,100,XI,214.36,0.00,,,57.6,0.00,,,,0,11.52,,,
GARMENTS,,1.99,14.5,BD,,0,,,6105100000,,,FASHION COMP WHOLESA,FASHION COMP A/S,8,15.18,,GARMENTS,2.09,,1.99,5,,14.5,1,BD,,0,,,4000,106198293,6105100000,100,XI,0.00,228.51,,,14.5,0.00,,,,0.00,2.9,,,
GARMENTS,,0.333,2.9,BD,,0,,,6105201000,,,FASHION COMP WHOLESA,FASHION COMP A/S,9,3.04,,GARMENTS,0.353,,0.333,1,,2.9,1,BD,,0,,,4000,106198293,6105201000,100,XI,118.54,0.00,,,2.9,0.00,,,,0.00,0.58,,,
GARMENTS,,0.103,2.9,BD,,0,,,6106100000,,,FASHION COMP WHOLESA,FASHION COMP A/S,10,3.04,,GARMENTS,0.123,,0.103,1,,2.9,1,BD,,0,,,4000,106198291,6106100000,100,XI,0.00,448.53,,,2.9,0.00,,,,0.00,0.58,,,
GARMENTS,,28.773,374.1,BD,,0,,,6109100010,,,FASHION COMP WHOLESA,FASHION COMP A/S,11,391.6,,GARMENTS,31.487,,28.773,129,,374.1,1,BD,,0,,,4000,106198293,6109100010,100,XI,195.25,0.00,,,374.1,0.00,,,,0.00,74.82,,,
GARMENTS,,1.483,29,BD,,0,,,6109100090,,,FASHION COMP WHOLESA,FASHION COMP A/S,12,30.36,,GARMENTS,1.722,,1.483,10,,29,1,BD,,0,,,4000,106198291,6109100090,100,XI,122.05,0.00,,,29,0.00,,,,0.00,5.8,,,
GARMENTS,,0.159,2.9,BD,,0,,,6109902000,,,FASHION COMP WHOLESA,FASHION COMP A/S,13,3.04,,GARMENTS,0.179,,0.159,1,,2.9,1,BD,,0,,,4000,106198291,6109902000,100,XI,130.31,0.00,,,2.9,0.00,,,,0.00,0.58,,,
GARMENTS,,2.802,69.6,BD,,0,,,6110113000,,,FASHION COMP WHOLESA,FASHION COMP A/S,14,72.86,,GARMENTS,2.962,,2.802,8,,69.6,1,BD,,0,,,4000,106198293,6110113000,100,XI,198.14,0.00,,,69.6,0.00,,,,0.00,13.92,,,
GARMENTS,,0.045,2.9,BD,,0,,,6110201000,,,FASHION COMP WHOLESA,FASHION COMP A/S,15,3.04,,GARMENTS,0.065,,0.045,1,,2.9,1,BD,,0,,,4000,106198291,6110201000,100,XI,108.91,0.00,,,2.9,0.00,,,,0.00,0.58,,,
GARMENTS,,34.146,591.6,BD,,0,,,6110209100,,,FASHION COMP WHOLESA,FASHION COMP A/S,16,619.27,,GARMENTS,35.506,,34.146,68,,591.6,1,BD,,0,,,4000,106198293,6110209100,100,XI,0.00,213.61,,,591.6,0.00,,,,0.00,118.32,,,
GARMENTS,,3.703,69.6,BD,,0,,,6110209900,,,FASHION COMP WHOLESA,FASHION COMP A/S,17,72.86,,GARMENTS,3.953,,3.703,8,,69.6,1,BD,,0,,,4000,106198291,6110209900,100,XI,148.16,0.00,,,69.6,0.00,,,,0.00,13.92,,,
GARMENTS,,1.561,52.2,BD,,0,,,6110309100,,,FASHION COMP WHOLESA,FASHION COMP A/S,18,54.64,,GARMENTS,1.786,,1.561,6,,52.2,1,BD,,0,,,4000,106198292,6110309100,100,XI,0.00,273.85,,,52.2,0.00,,,,0.00,10.44,,,
GARMENTS,,7.007,252.3,BD,,0,,,6110309900,,,FASHION COMP WHOLESA,FASHION COMP A/S,19,264.1,,GARMENTS,7.978,,7.007,29,,252.3,1,BD,,0,,,4000,106198291,6110309900,100,XI,173.31,0.00,,,252.3,0.00,,,,0.00,50.46,,,
GARMENTS,,0.945,12.8,BD,,0,,,6114300000,,,FASHION COMP WHOLESA,FASHION COMP A/S,20,13.4,,GARMENTS,1.055,,0.945,2,,12.8,1,BD,,0,,,4000,106198291,6114300000,100,XI,0.00,332.35,,,12.8,0.00,,,,0.00,2.56,,,
GARMENTS,,0.267,17.4,BD,,0,,,6201301099,,,FASHION COMP WHOLESA,FASHION COMP A/S,21,18.21,,GARMENTS,0.287,,0.267,1,,17.4,1,BD,,0,,,4000,106198292,6201301099,100,XI,0.00,317.89,,,17.4,0.00,,,,0.00,3.48,,,
GARMENTS,,2.507,38.4,BD,,0,,,6203423500,,,FASHION COMP WHOLESA,FASHION COMP A/S,22,40.2,,GARMENTS,2.627,,2.507,6,,38.4,1,BD,,0,,,4000,106198293,6203423500,100,XI,0.00,415.96,,,38.4,0.00,,,,0.00,7.68,,,
GARMENTS,,0.915,12,BD,,0,,,6203429000,,,FASHION COMP WHOLESA,FASHION COMP A/S,23,12.56,,GARMENTS,0.975,,0.915,3,,12,1,BD,,0,,,4000,106198293,6203429000,100,XI,106.89,0.00,,,12,0.00,,,,0.00,2.4,,,
GARMENTS,,0.942,12.8,BD,,0,,,6203491900,,,FASHION COMP WHOLESA,FASHION COMP A/S,24,13.4,,GARMENTS,0.982,,0.942,2,,12.8,1,BD,,0,,,4000,106198293,6203491900,100,XI,0.00,375.74,,,12.8,0.00,,,,0.00,2.56,,,
GARMENTS,,0.696,8,BD,,0,,,6203495000,,,FASHION COMP WHOLESA,FASHION COMP A/S,25,8.37,,GARMENTS,0.736,,0.696,2,,8,1,BD,,0,,,4000,106198293,6203495000,100,XI,235.50,0.00,,,8,0.00,,,,0.00,1.6,,,
GARMENTS,,4.047,60.8,BD,,0,,,6203499000,,,FASHION COMP WHOLESA,FASHION COMP A/S,26,63.64,,GARMENTS,4.355,,4.047,11,,60.8,1,BD,,0,,,4000,106198293,6203499000,100,XI,121.75,0.00,,,60.8,0.00,,,,0.00,12.16,,,
GARMENTS,,0.219,5.8,BD,,0,,,6204430000,,,FASHION COMP WHOLESA,FASHION COMP A/S,27,6.07,,GARMENTS,0.239,,0.219,1,,5.8,1,BD,,0,,,4000,106198291,6204430000,100,XI,0.00,506.29,,,5.8,0.00,,,,0.00,1.16,,,
GARMENTS,,0.876,23.2,BD,,0,,,6204440090,,,FASHION COMP WHOLESA,FASHION COMP A/S,28,24.29,,GARMENTS,0.956,,0.876,4,,23.2,1,BD,,0,,,4000,106198291,6204440090,100,XI,0.00,428.66,,,23.2,0.00,,,,0.00,4.64,,,
GARMENTS,,0.36,8,BD,,0,,,6204520090,,,FASHION COMP WHOLESA,FASHION COMP A/S,29,8.37,,GARMENTS,0.4,,0.36,2,,8,1,BD,,0,,,4000,106198291,6204520090,100,XI,0.00,541.45,,,8,0.00,,,,0.00,1.6,,,
GARMENTS,,1.925,32,BD,,0,,,6204623990,,,FASHION COMP WHOLESA,FASHION COMP A/S,30,33.5,,GARMENTS,2.21,,1.925,5,,32,1,BD,,0,,,4000,106198291,6204623990,100,XI,117.21,0.00,,,32,0.00,,,,0.00,6.4,,,
GARMENTS,,0.247,6.4,BD,,0,,,6204691890,,,FASHION COMP WHOLESA,FASHION COMP A/S,31,6.7,,GARMENTS,0.3,,0.247,1,,6.4,1,BD,,0,,,4000,106198291,6204691890,100,XI,192.06,0.00,,,6.4,0.00,,,,0.00,1.28,,,
GARMENTS,,2.507,63,BD,,0,,,6205200090,,,FASHION COMP WHOLESA,FASHION COMP A/S,32,65.95,,GARMENTS,2.714,,2.507,9,,63,1,BD,,0,,,4000,106198292,6205200090,100,XI,146.91,0.00,,,63,0.00,,,,0.00,12.6,,,
GARMENTS,,2.242,84,BD,,0,,,6205300000,,,FASHION COMP WHOLESA,FASHION COMP A/S,33,87.93,,GARMENTS,2.622,,2.242,12,,84,1,BD,,0,,,4000,106198293,6205300000,100,XI,185.52,0.00,,,84,0.00,,,,0.00,16.8,,,
GARMENTS,,1.616,56,BD,,0,,,6206300090,,,FASHION COMP WHOLESA,FASHION COMP A/S,34,58.62,,GARMENTS,1.952,,1.616,8,,56,1,BD,,0,,,4000,106198291,6206300090,100,XI,0.00,229.01,,,56,0.00,,,,0.00,11.2,,,
GARMENTS,,1.298,29.7,BD,,0,,,6206400000,,,FASHION COMP WHOLESA,FASHION COMP A/S,35,31.09,,GARMENTS,1.478,,1.298,6,,29.7,1,BD,,0,,,4000,106198291,6206400000,100,XI,0.00,328.56,,,29.7,0.00,,,,0.00,5.94,,,
GARMENTS,,3.387,81.2,CN,,0,,,6104430000,,,FASHION COMP WHOLESA,FASHION COMP A/S,36,85,,GARMENTS,3.667,,3.387,14,,81.2,1,CN,,0,,,4000,106198291,6104430000,100,XI,0.00,460.28,,,81.2,0.00,,,,0.00,16.24,,,
GARMENTS,,0.232,5.8,CN,,0,,,6104440000,,,FASHION COMP WHOLESA,FASHION COMP A/S,37,6.07,,GARMENTS,0.252,,0.232,1,,5.8,1,CN,,0,,,4000,106198291,6104440000,100,XI,265.52,0.00,,,5.8,0.00,,,,0.00,1.16,,,
GARMENTS,,0.559,12,CN,,0,,,6104530000,,,FASHION COMP WHOLESA,FASHION COMP A/S,38,12.56,,GARMENTS,0.619,,0.559,3,,12,1,CN,,0,,,4000,106198291,6104530000,100,XI,0.00,259.87,,,12,0.00,,,,0.00,2.4,,,
GARMENTS,,1.303,32,CN,,0,,,6104630000,,,FASHION COMP WHOLESA,FASHION COMP A/S,39,33.5,,GARMENTS,1.445,,1.303,5,,32,1,CN,,0,,,4000,106198291,6104630000,100,XI,169.06,0.00,,,32,0.00,,,,0.00,6.4,,,
GARMENTS,,4.329,70.4,CN,,0,,,6104690010,,,FASHION COMP WHOLESA,FASHION COMP A/S,40,73.69,,GARMENTS,4.947,,4.329,11,,70.4,1,CN,,0,,,4000,106198291,6104690010,100,XI,0.00,413.77,,,70.4,0.00,,,,0.00,14.08,,,
GARMENTS,,0.16,11.6,CN,,0,,,6104690091,,,FASHION COMP WHOLESA,FASHION COMP A/S,41,12.14,,GARMENTS,0.213,,0.16,1,,11.6,1,CN,,0,,,4000,106198291,6104690091,100,XI,0.00,225.12,,,11.6,0.00,,,,0.00,2.32,,,
GARMENTS,,0.676,11.6,CN,,0,,,6106200000,,,FASHION COMP WHOLESA,FASHION COMP A/S,42,12.14,,GARMENTS,0.798,,0.676,4,,11.6,1,CN,,0,,,4000,106198291,6106200000,100,XI,0.00,485.02,,,11.6,0.00,,,,0.00,2.32,,,
GARMENTS,,0.098,2.9,CN,,0,,,6109100010,,,FASHION COMP WHOLESA,FASHION COMP A/S,43,3.04,,GARMENTS,0.118,,0.098,1,,2.9,1,CN,,0,,,4000,106198291,6109100010,100,XI,127.98,0.00,,,2.9,0.00,,,,0.00,0.58,,,
GARMENTS,,2.994,49.3,CN,,0,,,6109902000,,,FASHION COMP WHOLESA,FASHION COMP A/S,44,51.61,,GARMENTS,3.409,,2.994,17,,49.3,1,CN,,0,,,4000,106198291,6109902000,100,XI,0.00,308.02,,,49.3,0.00,,,,0.00,9.86,,,
GARMENTS,,0.756,5.8,CN,,0,,,6110309900,,,FASHION COMP WHOLESA,FASHION COMP A/S,45,6.07,,GARMENTS,0.796,,0.756,2,,5.8,1,CN,,0,,,4000,106198291,6110309900,100,XI,0.00,227.18,,,5.8,0.00,,,,0.00,1.16,,,
GARMENTS,,0.867,15.75,CN,,0,,,6112419000,,,FASHION COMP WHOLESA,FASHION COMP A/S,46,16.49,,GARMENTS,1.047,,0.867,9,,15.75,1,CN,,0,,,4000,106198291,6112419000,100,XI,265.24,0.00,,,15.75,0.00,,,,0.00,3.15,,,
GARMENTS,,0.183,4,CN,,0,,,6113009000,,,FASHION COMP WHOLESA,FASHION COMP A/S,47,4.19,,GARMENTS,0.203,,0.183,1,,4,1,CN,,0,,,4000,106198291,6113009000,100,XI,0.00,508.94,,,4,0.00,,,,0.00,0.8,,,
GARMENTS,,0.884,18.6,CN,,0,,,6114300000,,,FASHION COMP WHOLESA,FASHION COMP A/S,48,19.47,,GARMENTS,0.964,,0.884,4,,18.6,1,CN,,0,,,4000,106198291,6114300000,100,XI,181.14,0.00,,,18.6,0.00,,,,0.00,3.72,,,
GARMENTS,,0.16,3.5,CN,,0,,,6115950000,,,FASHION COMP WHOLESA,FASHION COMP A/S,49,3.66,,GARMENTS,0.2,,0.16,2,,3.5,1,CN,,0,,,4000,106198291,6115950000,100,XI,142.93,0.00,,,3.5,0.00,,,,0.00,0.7,,,
GARMENTS,,3.32,69.6,CN,,0,,,6201301099,,,FASHION COMP WHOLESA,FASHION COMP A/S,50,72.86,,GARMENTS,3.4,,3.32,4,,69.6,1,CN,,0,,,4000,106198293,6201301099,100,XI,0.00,226.27,,,69.6,0.00,,,,0.00,13.92,,,
GARMENTS,,0.339,17.4,CN,,0,,,6202301099,,,FASHION COMP WHOLESA,FASHION COMP A/S,51,18.21,,GARMENTS,0.359,,0.339,1,,17.4,1,CN,,0,,,4000,106198291,6202301099,100,XI,172.51,0.00,,,17.4,0.00,,,,0.00,3.48,,,
GARMENTS,,0.942,12,CN,,0,,,6203439000,,,FASHION COMP WHOLESA,FASHION COMP A/S,52,12.56,,GARMENTS,1.002,,0.942,3,,12,1,CN,,0,,,4000,106198293,6203439000,100,XI,165.56,0.00,,,12,0.00,,,,0.00,2.4,,,
GARMENTS,,1.688,34.8,CN,,0,,,6204339000,,,FASHION COMP WHOLESA,FASHION COMP A/S,53,36.43,,GARMENTS,1.904,,1.688,3,,34.8,1,CN,,0,,,4000,106198291,6204339000,100,XI,0.00,232.10,,,34.8,0.00,,,,0.00,6.96,,,
GARMENTS,,0.588,5.8,CN,,0,,,6204420090,,,FASHION COMP WHOLESA,FASHION COMP A/S,54,6.07,,GARMENTS,0.608,,0.588,1,,5.8,1,CN,,0,,,4000,106198291,6204420090,100,XI,138.38,0.00,,,5.8,0.00,,,,0.00,1.16,,,
GARMENTS,,0.238,5.8,CN,,0,,,6204430000,,,FASHION COMP WHOLESA,FASHION COMP A/S,55,6.07,,GARMENTS,0.279,,0.238,1,,5.8,1,CN,,0,,,4000,106198291,6204430000,100,XI,0.00,405.72,,,5.8,0.00,,,,0.00,1.16,,,
GARMENTS,,0.476,8,CN,,0,,,6204520090,,,FASHION COMP WHOLESA,FASHION COMP A/S,56,8.37,,GARMENTS,0.516,,0.476,2,,8,1,CN,,0,,,4000,106198291,6204520090,100,XI,0.00,254.06,,,8,0.00,,,,0.00,1.6,,,
GARMENTS,,0.334,6.4,CN,,0,,,6204623990,,,FASHION COMP WHOLESA,FASHION COMP A/S,57,6.7,,GARMENTS,0.354,,0.334,1,,6.4,1,CN,,0,,,4000,106198291,6204623990,100,XI,111.00,0.00,,,6.4,0.00,,,,0.00,1.28,,,
GARMENTS,,0.365,18,CN,,0,,,6204631890,,,FASHION COMP WHOLESA,FASHION COMP A/S,58,18.84,,GARMENTS,0.405,,0.365,2,,18,1,CN,,0,,,4000,106198291,6204631890,100,XI,0.00,316.15,,,18,0.00,,,,0.00,3.6,,,
GARMENTS,,0.27,11.6,CN,,0,,,6204639090,,,FASHION COMP WHOLESA,FASHION COMP A/S,59,12.14,,GARMENTS,0.337,,0.27,1,,11.6,1,CN,,0,,,4000,106198291,6204639090,100,XI,0.00,273.98,,,11.6,0.00,,,,0.00,2.32,,,
GARMENTS,,0.919,19.2,CN,,0,,,6204691890,,,FASHION COMP WHOLESA,FASHION COMP A/S,60,20.1,,GARMENTS,1.12,,0.919,3,,19.2,1,CN,,0,,,4000,106198291,6204691890,100,XI,0.00,425.58,,,19.2,0.00,,,,0.00,3.84,,,
GARMENTS,,1.886,47.8,CN,,0,,,6206300090,,,FASHION COMP WHOLESA,FASHION COMP A/S,61,50.04,,GARMENTS,2.073,,1.886,8,,47.8,1,CN,,0,,,4000,106198291,6206300090,100,XI,0.00,373.56,,,47.8,0.00,,,,0.00,9.56,,,
GARMENTS,,1.717,49.5,CN,,0,,,6206400000,,,FASHION COMP WHOLESA,FASHION COMP A/S,62,51.82,,GARMENTS,2.07,,1.717,10,,49.5,1,CN,,0,,,4000,106198291,6206400000,100,XI,0.00,200.94,,,49.5,0.00,,,,0.00,9.9,,,
GARMENTS,,2.172,48,CN,,0,,,6211110000,,,FASHION COMP WHOLESA,FASHION COMP A/S,63,50.24,,GARMENTS,2.58,,2.172,12,,48,1,CN,,0,,,4000,106198293,6211110000,100,XI,109.30,0.00,,,48,0.00,,,,0.00,9.6,,,
GARMENTS,,0.167,17.4,CN,,0,,,6211339000,,,FASHION COMP WHOLESA,FASHION COMP A/S,64,18.21,,GARMENTS,0.187,,0.167,1,,17.4,1,CN,,0,,,4000,106198293,6211339000,100,XI,0.00,459.29,,,17.4,0.00,,,,0.00,3.48,,,
GARMENTS,,0.381,8.7,CN,,0,,,6217100090,,,FASHION COMP WHOLESA,FASHION COMP A/S,65,9.11,,GARMENTS,0.441,,0.381,3,,8.7,1,CN,,0,,,4000,106198293,6217100090,100,XI,127.14,0.00,,,8.7,0.00,,,,0.00,1.74,,,
GARMENTS,,0.61,10.5,CN,,0,,,6505003000,,,FASHION COMP WHOLESA,FASHION COMP A/S,66,10.99,,GARMENTS,0.73,,0.61,6,,10.5,1,CN,,0,,,4000,106198293,6505003000,100,XII,119.99,0.00,,,10.5,0.00,,,,0.00,2.1,,,
GARMENTS,,0.227,5.8,IN,,0,,,6104430000,,,FASHION COMP WHOLESA,FASHION COMP A/S,67,6.07,,GARMENTS,0.26,,0.227,1,,5.8,1,IN,,0,,,4000,106198291,6104430000,100,XI,106.26,0.00,,,5.8,0.00,,,,0.00,1.16,,,
GARMENTS,,0.267,4,IN,,0,,,6104530000,,,FASHION COMP WHOLESA,FASHION COMP A/S,68,4.19,,GARMENTS,0.322,,0.267,1,,4,1,IN,,0,,,4000,106198291,6104530000,100,XI,0.00,260.13,,,4,0.00,,,,0.00,0.8,,,
GARMENTS,,0.548,5.8,IN,,0,,,6105100000,,,FASHION COMP WHOLESA,FASHION COMP A/S,69,6.07,,GARMENTS,0.588,,0.548,2,,5.8,1,IN,,0,,,4000,106198293,6105100000,100,XI,228.77,0.00,,,5.8,0.00,,,,0.00,1.16,,,
GARMENTS,,0.136,2.9,IN,,0,,,6109100010,,,FASHION COMP WHOLESA,FASHION COMP A/S,70,3.04,,GARMENTS,0.156,,0.136,1,,2.9,1,IN,,0,,,4000,106198291,6109100010,100,XI,114.10,0.00,,,2.9,0.00,,,,0.00,0.58,,,
GARMENTS,,0.496,11.6,IN,,0,,,6109100090,,,FASHION COMP WHOLESA,FASHION COMP A/S,71,12.14,,GARMENTS,0.58,,0.496,4,,11.6,1,IN,,0,,,4000,106198291,6109100090,100,XI,169.09,0.00,,,11.6,0.00,,,,0.00,2.32,,,
GARMENTS,,0.959,20.3,IN,,0,,,6109902000,,,FASHION COMP WHOLESA,FASHION COMP A/S,72,21.25,,GARMENTS,1.205,,0.959,7,,20.3,1,IN,,0,,,4000,106198291,6109902000,100,XI,0.00,280.42,,,20.3,0.00,,,,0.00,4.06,,,
GARMENTS,,0.287,17.4,IN,,0,,,6202301099,,,FASHION COMP WHOLESA,FASHION COMP A/S,73,18.21,,GARMENTS,0.307,,0.287,1,,17.4,1,IN,,0,,,4000,106198291,6202301099,100,XI,0.00,299.83,,,17.4,0.00,,,,0.00,3.48,,,
GARMENTS,,0.306,5.8,IN,,0,,,6204420090,,,FASHION COMP WHOLESA,FASHION COMP A/S,74,6.07,,GARMENTS,0.326,,0.306,1,,5.8,1,IN,,0,,,4000,106198291,6204420090,100,XI,0.00,391.20,,,5.8,0.00,,,,0.00,1.16,,,
GARMENTS,,0.566,11.6,IN,,0,,,6204440090,,,FASHION COMP WHOLESA,FASHION COMP A/S,75,12.14,,GARMENTS,0.606,,0.566,2,,11.6,1,IN,,0,,,4000,106198291,6204440090,100,XI,0.00,446.56,,,11.6,0.00,,,,0.00,2.32,,,
GARMENTS,,1.607,44.8,IN,,0,,,6204691890,,,FASHION COMP WHOLESA,FASHION COMP A/S,76,46.9,,GARMENTS,1.96,,1.607,7,,44.8,1,IN,,0,,,4000,106198291,6204691890,100,XI,0.00,322.41,,,44.8,0.00,,,,0.00,8.96,,,
GARMENTS,,1.286,28,IN,,0,,,6205200090,,,FASHION COMP WHOLESA,FASHION COMP A/S,77,29.31,,GARMENTS,1.366,,1.286,4,,28,1,IN,,0,,,4000,106198293,6205200090,100,XI,0.00,375.23,,,28,0.00,,,,0.00,5.6,,,
GARMENTS,,1.293,47.8,IN,,0,,,6206300090,,,FASHION COMP WHOLESA,FASHION COMP A/S,78,50.04,,GARMENTS,1.541,,1.293,8,,47.8,1,IN,,0,,,4000,106198291,6206300090,100,XI,0.00,306.69,,,47.8,0.00,,,,0.00,9.56,,,
GARMENTS,,2.64,82.1,IN,,0,,,6206400000,,,FASHION COMP WHOLESA,FASHION COMP A/S,79,85.94,,GARMENTS,3.088,,2.64,17,,82.1,1,IN,,0,,,4000,106198291,6206400000,100,XI,154.68,0.00,,,82.1,0.00,,,,0.00,16.42,,,
GARMENTS,,1.3,35,IN,,0,,,6206901090,,,FASHION COMP WHOLESA,FASHION COMP A/S,80,36.64,,GARMENTS,1.51,,1.3,5,,35,1,IN,,0,,,4000,106198291,6206901090,100,XI,0.00,458.67,,,35,0.00,,,,0.00,7,,,
GARMENTS,,0.942,34.8,IN,,0,,,6403993600,,,FASHION COMP WHOLESA,FASHION COMP A/S,81,36.43,,GARMENTS,1.002,,0.942,3,,34.8,1,IN,,0,,,4000,106198293,6403993600,100,XII,0.00,212.52,,,34.8,0.00,,,,0.00,6.96,,,
GARMENTS,,0.23,8.7,KH,,0,,,6110309900,,,FASHION COMP WHOLESA,FASHION COMP A/S,82,9.11,,GARMENTS,0.25,,0.23,1,,8.7,1,KH,,0,,,4000,106198291,6110309900,100,XI,117.70,0.00,,,8.7,0.00,,,,0.00,1.74,,,
GARMENTS,,1.176,52.2,KH,,0,,,6202401091,,,FASHION COMP WHOLESA,FASHION COMP A/S,83,54.64,,GARMENTS,1.236,,1.176,3,,52.2,1,KH,,0,,,4000,106198291,6202401091,100,XI,0.00,365.83,,,52.2,0.00,,,,0.00,10.44,,,
GARMENTS,,0.5,11.6,KH,,0,,,6203329000,,,FASHION COMP WHOLESA,FASHION COMP A/S,84,12.14,,GARMENTS,0.52,,0.5,1,,11.6,1,KH,,0,,,4000,106198293,6203329000,100,XI,165.59,0.00,,,11.6,0.00,,,,0.00,2.32,,,
GARMENTS,,1.276,23.2,KH,,0,,,6203339000,,,FASHION COMP WHOLESA,FASHION COMP A/S,85,24.29,,GARMENTS,1.316,,1.276,2,,23.2,1,KH,,0,,,4000,106198293,6203339000,100,XI,0.00,229.09,,,23.2,0.00,,,,0.00,4.64,,,
GARMENTS,,0.343,11.6,KH,,0,,,6203423500,,,FASHION COMP WHOLESA,FASHION COMP A/S,86,12.14,,GARMENTS,0.363,,0.343,1,,11.6,1,KH,,0,,,4000,106198293,6203423500,100,XI,161.34,0.00,,,11.6,0.00,,,,0.00,2.32,,,
GARMENTS,,0.476,7,KH,,0,,,6204623190,,,FASHION COMP WHOLESA,FASHION COMP A/S,87,7.33,,GARMENTS,0.496,,0.476,1,,7,1,KH,,0,,,4000,106198291,6204623190,100,XI,120.75,0.00,,,7,0.00,,,,0.00,1.4,,,
GARMENTS,,1.816,25.6,KH,,0,,,6204623990,,,FASHION COMP WHOLESA,FASHION COMP A/S,88,26.8,,GARMENTS,2.016,,1.816,4,,25.6,1,KH,,0,,,4000,106198291,6204623990,100,XI,0.00,233.93,,,25.6,0.00,,,,0.00,5.12,,,
GARMENTS,,0.484,17.4,MM,,0,,,6101309000,,,FASHION COMP WHOLESA,FASHION COMP A/S,89,18.21,,GARMENTS,0.504,,0.484,1,,17.4,1,MM,,0,,,4000,106198292,6101309000,100,XI,185.77,0.00,,,17.4,0.00,,,,0.00,3.48,,,
GARMENTS,,0.15,17.4,MM,,0,,,6110309100,,,FASHION COMP WHOLESA,FASHION COMP A/S,90,18.21,,GARMENTS,0.17,,0.15,1,,17.4,1,MM,,0,,,4000,106198292,6110309100,100,XI,0.00,306.66,,,17.4,0.00,,,,0.00,3.48,,,
GARMENTS,,1.334,34.8,MM,,0,,,6201401090,,,FASHION COMP WHOLESA,FASHION COMP A/S,91,36.43,,GARMENTS,1.374,,1.334,2,,34.8,1,MM,,0,,,4000,106198292,6201401090,100,XI,107.28,0.00,,,34.8,0.00,,,,0.00,6.96,,,
GARMENTS,,0.931,17.4,MM,,0,,,6210200010,,,FASHION COMP WHOLESA,FASHION COMP A/S,92,18.21,,GARMENTS,0.951,,0.931,1,,17.4,1,MM,,0,,,4000,106198292,6210200010,100,XI,0.00,203.35,,,17.4,0.00,,,,0.00,3.48,,,
GARMENTS,,0.505,14.5,PT,PT,0,,,4203300090,,,FASHION COMP WHOLESA,FASHION COMP A/S,93,15.18,,GARMENTS,0.605,,0.505,5,,14.5,1,PT,PT,0,,,4000,106198293,4203300090,300,VIII,226.33,0.00,,,14.5,0.73,Duty,0.05,,0.73,2.9,,,
GARMENTS,,5.768,46.4,PT,PT,0,,,6403911690,,,FASHION COMP WHOLESA,FASHION COMP A/S,94,48.57,,GARMENTS,6.432,,5.768,4,,46.4,1,PT,PT,0,,,4000,106198293,6403911690,300,XII,0.00,472.12,,,46.4,0.93,Duty,0.02,,0.93,9.28,,,
GARMENTS,,11.697,150.8,PT,PT,0,,,6403999690,,,FASHION COMP WHOLESA,FASHION COMP A/S,95,157.85,,GARMENTS,13.569,,11.697,13,,150.8,1,PT,PT,0,,,5100,106198293,6403999690,300,XII,0.00,475.00,,,150.8,7.54,Duty,0.05,,0,30.16,,,
GARMENTS,,0.262,4,TR,,0,,,6104520000,,,FASHION COMP WHOLESA,FASHION COMP A/S,96,4.19,,GARMENTS,0.282,,0.262,1,,4,1,TR,,0,,,5100,106198291,6104520000,100,XI,144.37,0.00,,,4,0.00,,,,0,0.8,,,
GARMENTS,,0.095,11.6,TR,,0,,,6104620000,,,FASHION COMP WHOLESA,FASHION COMP A/S,97,12.14,,GARMENTS,0.108,,0.095,1,,11.6,1,TR,,0,,,5100,106198291,6104620000,100,XI,0.00,526.09,,,11.6,0.00,,,,0,2.32,,,
GARMENTS,,0.226,2.9,TR,,0,,,6106100000,,,FASHION COMP WHOLESA,FASHION COMP A/S,98,3.04,,GARMENTS,0.246,,0.226,1,,2.9,1,TR,,0,,,5100,106198291,6106100000,100,XI,149.64,0.00,,,2.9,0.00,,,,0,0.58,,,
GARMENTS,,83.475,3246.03,BD,BD,0,,,6105201000,,,FASHION COMP WHOLESA,FASHION COMP A/S,1,3277.52,,GARMENTS,108.332,,83.475,371,,3246.03,1,BD,BD,0,,,5100,106202849,6105201000,200,XI,0.00,207.13,,,3246.03,129.84,Duty,0.04,,0,649.206,,,
GARMENTS,,43.259,1442.17,BD,BD,0,,,6109100010,,,FASHION COMP WHOLESA,FASHION COMP A/S,2,1456.16,,GARMENTS,51.076,,43.259,213,,1442.17,1,BD,BD,0,,,4000,106202849,6109100010,200,XI,0.00,430.85,,,1442.17,86.53,Duty,0.06,,86.53,288.434,,,
GARMENTS,,10.12,300.91,BD,BD,0,,,6109902000,,,FASHION COMP WHOLESA,FASHION COMP A/S,3,303.83,,GARMENTS,11.44,,10.12,44,,300.91,1,BD,BD,0,,,4000,106202849,6109902000,200,XI,0.00,414.81,,,300.91,18.05,Duty,0.06,,18.05,60.182,,,
GARMENTS,,3.21,95.16,BD,BD,0,,,6110209100,,,FASHION COMP WHOLESA,FASHION COMP A/S,4,96.08,,GARMENTS,3.625,,3.21,5,,95.16,1,BD,BD,0,,,4000,106202849,6110209100,200,XI,236.15,0.00,,,95.16,5.71,Duty,0.06,,5.71,19.032,,,
GARMENTS,,4.31,177.61,BD,BD,0,,,6203423500,,,FASHION COMP WHOLESA,FASHION COMP A/S,5,179.33,,GARMENTS,4.94,,4.31,10,,177.61,1,BD,BD,0,,,4000,106202849,6203423500,200,XI,164.21,0.00,,,177.61,3.55,Duty,0.02,,3.55,35.522,,,
GARMENTS,,42.35,1285.89,BD,BD,0,,,6203429000,,,FASHION COMP WHOLESA,FASHION COMP A/S,6,1298.36,,GARMENTS,49.973,,42.35,121,,1285.89,1,BD,BD,0,,,4000,106202849,6203429000,200,XI,0.00,487.51,,,1285.89,77.15,Duty,0.06,,77.15,257.178,,,
GARMENTS,,22.44,724.88,BD,BD,0,,,6205200090,,,FASHION COMP WHOLESA,FASHION COMP A/S,7,731.91,,GARMENTS,25.84,,22.44,68,,724.88,1,BD,BD,0,,,5100,106202849,6205200090,200,XI,124.71,0.00,,,724.88,14.50,Duty,0.02,,0,144.976,,,
GARMENTS,,5.753,195.37,CN,,0,,,6104420000,,,FASHION COMP WHOLESA,FASHION COMP A/S,8,197.27,,GARMENTS,6.6,,5.753,11,,195.37,1,CN,,0,,,5100,106202848,6104420000,100,XI,131.73,0.00,,,195.37,0.00,,,,0,39.074,,,
GARMENTS,,0.999,45.09,CN,,0,,,6104430000,,,FASHION COMP WHOLESA,FASHION COMP A/S,9,45.53,,GARMENTS,1.2,,0.999,3,,45.09,1,CN,,0,,,5100,106202848,6104430000,100,XI,144.34,0.00,,,45.09,0.00,,,,0,9.018,,,
GARMENTS,,2.2,144.5,CN,,0,,,6109902000,,,FASHION COMP WHOLESA,FASHION COMP A/S,10,145.9,,GARMENTS,2.64,,2.2,22,,144.5,1,CN,,0,,,5100,106202848,6109902000,100,XI,111.32,0.00,,,144.5,0.00,,,,0,28.9,,,
GARMENTS,,0.81,36.9,CN,,0,,,6110309900,,,FASHION COMP WHOLESA,FASHION COMP A/S,11,37.26,,GARMENTS,0.96,,0.81,3,,36.9,1,CN,,0,,,5100,106202848,6110309900,100,XI,0.00,276.80,,,36.9,0.00,,,,0,7.38,,,
GARMENTS,,17.1,856.74,CN,,0,,,6114300000,,,FASHION COMP WHOLESA,FASHION COMP A/S,12,865.05,,GARMENTS,19.95,,17.1,57,,856.74,1,CN,,0,,,5100,106202848,6114300000,100,XI,228.65,0.00,,,856.74,0.00,,,,0,171.348,,,
GARMENTS,,11.172,287,CN,,0,,,6204339000,,,FASHION COMP WHOLESA,FASHION COMP A/S,13,289.78,,GARMENTS,12.572,,11.172,14,,287,1,CN,,0,,,4000,106202848,6204339000,100,XI,240.06,0.00,,,287,0.00,,,,0.00,57.4,,,
GARMENTS,,39.234,1813.54,CN,,0,,,6204430000,,,FASHION COMP WHOLESA,FASHION COMP A/S,14,1831.13,,GARMENTS,43.752,,39.234,89,,1813.54,1,CN,,0,,,4000,106202848,6204430000,100,XI,0.00,470.82,,,1813.54,0.00,,,,0.00,362.708,,,
GARMENTS,,81.564,4068.87,CN,,0,,,6204440090,,,FASHION COMP WHOLESA,FASHION COMP A/S,15,4108.34,,GARMENTS,90.9,,81.564,232,,4068.87,1,CN,,0,,,4000,106202848,6204440090,100,XI,0.00,220.50,,,4068.87,0.00,,,,0.00,813.774,,,
GARMENTS,,46.012,2097.76,CN,,0,,,6204530090,,,FASHION COMP WHOLESA,FASHION COMP A/S,16,2118.11,,GARMENTS,55.5,,46.012,185,,2097.76,1,CN,,0,,,4000,106202848,6204530090,100,XI,0.00,339.01,,,2097.76,0.00,,,,0.00,419.552,,,
GARMENTS,,10.378,285.58,CN,,0,,,6204631890,,,FASHION COMP WHOLESA,FASHION COMP A/S,17,288.35,,GARMENTS,12.459,,10.378,19,,285.58,1,CN,,0,,,4000,106202848,6204631890,100,XI,0.00,346.50,,,285.58,0.00,,,,0.00,57.116,,,
GARMENTS,,1.51,88.97,CN,,0,,,6206400000,,,FASHION COMP WHOLESA,FASHION COMP A/S,18,89.83,,GARMENTS,1.65,,1.51,5,,88.97,1,CN,,0,,,4000,106202849,6206400000,100,XI,0.00,285.06,,,88.97,0.00,,,,0.00,17.794,,,
GARMENTS,,1.35,61.5,IN,IN,0,,,6204420090,,,FASHION COMP WHOLESA,FASHION COMP A/S,19,62.1,,GARMENTS,1.5,,1.35,3,,61.5,1,IN,IN,0,,,4000,106202848,6204420090,200,XI,0.00,407.51,,,61.5,3.08,Duty,0.05,,3.08,12.3,,,
GARMENTS,,2.56,153.04,IN,IN,0,,,6206300090,,,FASHION COMP WHOLESA,FASHION COMP A/S,20,154.52,,GARMENTS,2.96,,2.56,8,,153.04,1,IN,IN,0,,,4000,106202848,6206300090,200,XI,0.00,382.18,,,153.04,9.18,Duty,0.06,,9.18,30.608,,,
GARMENTS,,1.85,49.28,TR,TR,0,,,6107110000,,,FASHION COMP WHOLESA,FASHION COMP A/S,21,49.76,,GARMENTS,2.1,,1.85,5,,49.28,1,TR,TR,0,,,4000,106202849,6107110000,300,XI,0.00,436.13,,,49.28,0.99,Duty,0.02,,0.99,9.856,,,
GARMENTS,,1.48,67.08,VN,,0,,,6205200090,,,FASHION COMP WHOLESA,FASHION COMP A/S,22,67.73,,GARMENTS,1.815,,1.48,5,,67.08,1,VN,,0,,,5100,106202849,6205200090,100,XI,141.36,0.00,,,67.08,0.00,,,,0,13.416,,,
GARMENTS,,79.804,2037.7,BD,BD,0,,,6104520000,,,FASHION COMP WHOLESA,FASHION COMP A/S,1,2049.25,,GARMENTS,91.732,,79.804,284,,2037.7,1,BD,BD,0,,,5100,106202809,6104520000,200,XI,0.00,439.96,,,2037.7,40.75,Duty,0.02,,0,407.54,,,
GARMENTS,,232.226,7567.04,BD,BD,0,,,6105100000,,,FASHION COMP WHOLESA,FASHION COMP A/S,2,7609.92,,GARMENTS,269.158,,232.226,1018,,7567.04,1,BD,BD,0,,,5100,106202810,6105100000,200,XI,195.00,0.00,,,7567.04,151.34,Duty,0.02,,0,1513.408,,,
GARMENTS,,536.418,12573.65,BD,BD,0,,,6109100010,,,FASHION COMP WHOLESA,FASHION COMP A/S,3,12644.9,,GARMENTS,613.002,,536.418,2520,,12573.65,1,BD,BD,0,,,5100,106202810,6109100010,200,XI,212.83,0.00,,,12573.65,502.95,Duty,0.04,,0,2514.73,,,
GARMENTS,,25.5,697,BD,BD,0,,,6109902000,,,FASHION COMP WHOLESA,FASHION COMP A/S,4,700.95,,GARMENTS,28.9,,25.5,170,,697,1,BD,BD,0,,,5100,106202811,6109902000,200,XI,235.09,0.00,,,697,20.91,Duty,0.03,,0,139.4,,,
GARMENTS,,62.91,1917.32,BD,BD,0,,,6110209900,,,FASHION COMP WHOLESA,FASHION COMP A/S,5,1928.19,,GARMENTS,76.41,,62.91,270,,1917.32,1,BD,BD,0,,,4000,106202808,6110209900,200,XI,106.51,0.00,,,1917.32,57.52,Duty,0.03,,57.52,383.464,,,
GARMENTS,,32.736,1323.87,BD,BD,0,,,6204440090,,,FASHION COMP WHOLESA,FASHION COMP A/S,6,1331.37,,GARMENTS,37.944,,32.736,186,,1323.87,1,BD,BD,0,,,4000,106202809,6204440090,200,XI,265.91,0.00,,,1323.87,26.48,Duty,0.02,,26.48,264.774,,,
GARMENTS,,22.351,1185.08,CN,,0,,,6109902000,,,FASHION COMP WHOLESA,FASHION COMP A/S,7,1191.8,,GARMENTS,29.729,,22.351,217,,1185.08,1,CN,,0,,,4000,106202808,6109902000,100,XI,0.00,303.78,,,1185.08,0.00,,,,0.00,237.016,,,
GARMENTS,,21.84,1641.31,CN,,0,,,6206300090,,,FASHION COMP WHOLESA,FASHION COMP A/S,8,1650.61,,GARMENTS,29.28,,21.84,240,,1641.31,1,CN,,0,,,4000,106202808,6206300090,100,XI,136.48,0.00,,,1641.31,0.00,,,,0.00,328.262,,,
GARMENTS,,458.9,12173.72,CN,,0,,,6206901090,,,FASHION COMP WHOLESA,FASHION COMP A/S,9,12242.71,,GARMENTS,523.9,,458.9,1300,,12173.72,1,CN,,0,,,4000,106202810,6206901090,100,XI,0.00,330.52,,,12173.72,0.00,,,,0.00,2434.744,,,